timeStamp,elapsed,label,responseCode,responseMessage,threadName,dataType,success,failureMessage,bytes,sentBytes,grpThreads,allThreads,URL,Latency,IdleTime,Connect
1713996685226,1193,RQ Item 348SM60,200,OK,WS Thread Group 1-1,text,true,,308604,154,1,1,https://www.webstaurantstore.com/outlet/348SM60/68315.html,1124,0,882
1713996697117,287,RQ Item 177GDN5RBB,200,OK,WS Thread Group 1-1,text,true,,258059,157,1,1,https://www.webstaurantstore.com/outlet/177GDN5RBB/68199.html,236,0,0
1713996709124,392,RQ Item 178APT60HC,200,OK,WS Thread Group 1-1,text,true,,429496,157,1,1,https://www.webstaurantstore.com/outlet/178APT60HC/68355.html,292,0,0
1713996721116,339,RQ Item 829BMR49R,200,OK,WS Thread Group 1-1,text,true,,277929,156,1,1,https://www.webstaurantstore.com/outlet/829BMR49R/68385.html,276,0,0
1713996733117,462,RQ Item 178CBE36HC,200,OK,WS Thread Group 1-1,text,true,,295625,157,1,1,https://www.webstaurantstore.com/outlet/178CBE36HC/68331.html,371,0,0
1713996745117,309,RQ Item 178SSUC48FHC,200,OK,WS Thread Group 1-1,text,true,,311930,159,1,1,https://www.webstaurantstore.com/outlet/178SSUC48FHC/68329.html,247,0,0
1713996757117,414,RQ Item 236ECEM2,200,OK,WS Thread Group 1-1,text,true,,309615,155,1,1,https://www.webstaurantstore.com/outlet/236ECEM2/68393.html,320,0,68
1713996769116,393,RQ Item 178UBB72GHCS,200,OK,WS Thread Group 1-1,text,true,,408632,159,1,1,https://www.webstaurantstore.com/outlet/178UBB72GHCS/67981.html,317,0,0
1713996781116,337,RQ Item178A23FHC,200,OK,WS Thread Group 1-1,text,true,,370135,156,1,1,https://www.webstaurantstore.com/outlet/178A23FHC/68339.html,273,0,0
1713996793117,606,RQ Item 178A23RGHC,200,OK,WS Thread Group 1-1,text,true,,448242,157,1,1,https://www.webstaurantstore.com/outlet/178A23RGHC/68381.html,465,0,0
1713996805131,364,RQ Item 178A23RGHC,200,OK,WS Thread Group 1-1,text,true,,448235,157,1,1,https://www.webstaurantstore.com/outlet/178A23RGHC/68381.html,262,0,0
1713996817117,353,RQ Item 178UBB72GHCS,200,OK,WS Thread Group 1-1,text,true,,408633,159,1,1,https://www.webstaurantstore.com/outlet/178UBB72GHCS/67981.html,268,0,0
1713996829116,549,RQ Item 178A23RGHC,200,OK,WS Thread Group 1-1,text,true,,448228,157,1,1,https://www.webstaurantstore.com/outlet/178A23RGHC/68381.html,430,0,165
1713996841116,339,RQ Item178A23FHC,200,OK,WS Thread Group 1-1,text,true,,370143,156,1,1,https://www.webstaurantstore.com/outlet/178A23FHC/68339.html,266,0,0
1713996853117,357,RQ Item 178A23RGHC,200,OK,WS Thread Group 1-1,text,true,,448236,157,1,1,https://www.webstaurantstore.com/outlet/178A23RGHC/68381.html,264,0,0
1713996865116,422,RQ Item 178UBB72GHCS,200,OK,WS Thread Group 1-1,text,true,,408633,159,1,1,https://www.webstaurantstore.com/outlet/178UBB72GHCS/67981.html,304,0,0
1713996877117,271,RQ Item 178CBE36HC,200,OK,WS Thread Group 1-1,text,true,,295624,157,1,1,https://www.webstaurantstore.com/outlet/178CBE36HC/68331.html,213,0,0
1713996889118,381,RQ Item 177GDN5RBB,200,OK,WS Thread Group 1-1,text,true,,258067,157,1,1,https://www.webstaurantstore.com/outlet/177GDN5RBB/68199.html,259,0,62
1713996901116,329,RQ Item 348SM60,200,OK,WS Thread Group 1-1,text,true,,308612,154,1,1,https://www.webstaurantstore.com/outlet/348SM60/68315.html,272,0,0
1713996913117,362,RQ Item 178UBB72GHCS,200,OK,WS Thread Group 1-1,text,true,,408626,159,1,1,https://www.webstaurantstore.com/outlet/178UBB72GHCS/67981.html,277,0,0
1713996925117,363,RQ Item 178SSUC48FHC,200,OK,WS Thread Group 1-1,text,true,,311930,159,1,1,https://www.webstaurantstore.com/outlet/178SSUC48FHC/68329.html,296,0,0
1713996937117,337,RQ Item 236ECEM2,200,OK,WS Thread Group 1-1,text,true,,309622,155,1,1,https://www.webstaurantstore.com/outlet/236ECEM2/68393.html,254,0,0
1713996949117,505,RQ Item 178APT60HC,200,OK,WS Thread Group 1-1,text,true,,429499,157,1,1,https://www.webstaurantstore.com/outlet/178APT60HC/68355.html,407,0,0
1713996961116,404,RQ Item 829BMR49R,200,OK,WS Thread Group 1-1,text,true,,277936,156,1,1,https://www.webstaurantstore.com/outlet/829BMR49R/68385.html,305,0,67
1713996973116,320,RQ Item 178APT60HC,200,OK,WS Thread Group 1-1,text,true,,429491,157,1,1,https://www.webstaurantstore.com/outlet/178APT60HC/68355.html,241,0,0
1713996985118,393,RQ Item 177GDN5RBB,200,OK,WS Thread Group 1-1,text,true,,258060,157,1,1,https://www.webstaurantstore.com/outlet/177GDN5RBB/68199.html,311,0,0
1713996997118,320,RQ Item 236ECEM2,200,OK,WS Thread Group 1-1,text,true,,309615,155,1,1,https://www.webstaurantstore.com/outlet/236ECEM2/68393.html,260,0,0
1713997009125,390,RQ Item 178UBB72GHCS,200,OK,WS Thread Group 1-1,text,true,,408634,159,1,1,https://www.webstaurantstore.com/outlet/178UBB72GHCS/67981.html,286,0,0
1713997021117,508,RQ Item 178A23RGHC,200,OK,WS Thread Group 1-1,text,true,,448251,157,1,1,https://www.webstaurantstore.com/outlet/178A23RGHC/68381.html,403,0,103
1713997033123,340,RQ Item 178UBB72GHCS,200,OK,WS Thread Group 1-1,text,true,,408633,159,1,1,https://www.webstaurantstore.com/outlet/178UBB72GHCS/67981.html,260,0,0
1713997045127,306,RQ Item 829BMR49R,200,OK,WS Thread Group 1-1,text,true,,277937,156,1,1,https://www.webstaurantstore.com/outlet/829BMR49R/68385.html,244,0,0
1713997057123,327,RQ Item 178SSUC48FHC,200,OK,WS Thread Group 1-1,text,true,,311922,159,1,1,https://www.webstaurantstore.com/outlet/178SSUC48FHC/68329.html,265,0,0
1713997069122,301,RQ Item 178CBE36HC,200,OK,WS Thread Group 1-1,text,true,,295624,157,1,1,https://www.webstaurantstore.com/outlet/178CBE36HC/68331.html,239,0,0
1713997081121,456,RQ Item 178A23RGHC,200,OK,WS Thread Group 1-1,text,true,,448242,157,1,1,https://www.webstaurantstore.com/outlet/178A23RGHC/68381.html,343,0,62
1713997093118,269,RQ Item 348SM60,200,OK,WS Thread Group 1-1,text,true,,308605,154,1,1,https://www.webstaurantstore.com/outlet/348SM60/68315.html,216,0,0
1713997105120,527,RQ Item178A23FHC,200,OK,WS Thread Group 1-1,text,true,,370141,156,1,1,https://www.webstaurantstore.com/outlet/178A23FHC/68339.html,418,0,0
1713997117121,328,RQ Item 178UBB72GHCS,200,OK,WS Thread Group 1-1,text,true,,408634,159,1,1,https://www.webstaurantstore.com/outlet/178UBB72GHCS/67981.html,254,0,0
1713997129119,423,RQ Item 178UBB72GHCS,200,OK,WS Thread Group 1-1,text,true,,408633,159,1,1,https://www.webstaurantstore.com/outlet/178UBB72GHCS/67981.html,340,0,0
1713997141119,296,RQ Item 348SM60,200,OK,WS Thread Group 1-1,text,true,,308612,154,1,1,https://www.webstaurantstore.com/outlet/348SM60/68315.html,235,0,0
1713997153130,480,RQ Item 178A23RGHC,200,OK,WS Thread Group 1-1,text,true,,448244,157,1,1,https://www.webstaurantstore.com/outlet/178A23RGHC/68381.html,365,0,93
1713997165127,375,RQ Item 236ECEM2,200,OK,WS Thread Group 1-1,text,true,,309615,155,1,1,https://www.webstaurantstore.com/outlet/236ECEM2/68393.html,301,0,0
1713997177124,386,RQ Item 178CBE36HC,200,OK,WS Thread Group 1-1,text,true,,295618,157,1,1,https://www.webstaurantstore.com/outlet/178CBE36HC/68331.html,252,0,0
1713997189119,441,RQ Item 178APT60HC,200,OK,WS Thread Group 1-1,text,true,,429499,157,1,1,https://www.webstaurantstore.com/outlet/178APT60HC/68355.html,286,0,0
1713997201117,344,RQ Item 178SSUC48FHC,200,OK,WS Thread Group 1-1,text,true,,311922,159,1,1,https://www.webstaurantstore.com/outlet/178SSUC48FHC/68329.html,283,0,0
1713997213132,500,RQ Item178A23FHC,200,OK,WS Thread Group 1-1,text,true,,370142,156,1,1,https://www.webstaurantstore.com/outlet/178A23FHC/68339.html,387,0,104
1713997225123,382,RQ Item 178A23RGHC,200,OK,WS Thread Group 1-1,text,true,,448236,157,1,1,https://www.webstaurantstore.com/outlet/178A23RGHC/68381.html,275,0,0
1713997237123,286,RQ Item 177GDN5RBB,200,OK,WS Thread Group 1-1,text,true,,258067,157,1,1,https://www.webstaurantstore.com/outlet/177GDN5RBB/68199.html,206,0,0
1713997249122,349,RQ Item 829BMR49R,200,OK,WS Thread Group 1-1,text,true,,277938,156,1,1,https://www.webstaurantstore.com/outlet/829BMR49R/68385.html,287,0,0
1713997261120,375,RQ Item 348SM60,200,OK,WS Thread Group 1-1,text,true,,308597,154,1,1,https://www.webstaurantstore.com/outlet/348SM60/68315.html,309,0,0
1713997273117,487,RQ Item 178SSUC48FHC,200,OK,WS Thread Group 1-1,text,true,,311930,159,1,1,https://www.webstaurantstore.com/outlet/178SSUC48FHC/68329.html,383,0,0
1713997285121,398,RQ Item178A23FHC,200,OK,WS Thread Group 1-1,text,true,,370142,156,1,1,https://www.webstaurantstore.com/outlet/178A23FHC/68339.html,314,0,59
1713997297119,391,RQ Item 178APT60HC,200,OK,WS Thread Group 1-1,text,true,,429497,157,1,1,https://www.webstaurantstore.com/outlet/178APT60HC/68355.html,295,0,0
1713997309118,387,RQ Item 178A23RGHC,200,OK,WS Thread Group 1-1,text,true,,448236,157,1,1,https://www.webstaurantstore.com/outlet/178A23RGHC/68381.html,295,0,0
1713997321123,384,RQ Item 178UBB72GHCS,200,OK,WS Thread Group 1-1,text,true,,408633,159,1,1,https://www.webstaurantstore.com/outlet/178UBB72GHCS/67981.html,296,0,0
1713997333121,878,RQ Item 177GDN5RBB,200,OK,WS Thread Group 1-1,text,true,,258074,157,1,1,https://www.webstaurantstore.com/outlet/177GDN5RBB/68199.html,346,0,0
1713997345123,496,RQ Item 178A23RGHC,200,OK,WS Thread Group 1-1,text,true,,448242,157,1,1,https://www.webstaurantstore.com/outlet/178A23RGHC/68381.html,373,0,106
1713997357131,324,RQ Item 178CBE36HC,200,OK,WS Thread Group 1-1,text,true,,295617,157,1,1,https://www.webstaurantstore.com/outlet/178CBE36HC/68331.html,268,0,0
1713997369121,362,RQ Item 236ECEM2,200,OK,WS Thread Group 1-1,text,true,,309622,155,1,1,https://www.webstaurantstore.com/outlet/236ECEM2/68393.html,279,0,0
1713997381118,345,RQ Item 178UBB72GHCS,200,OK,WS Thread Group 1-1,text,true,,408634,159,1,1,https://www.webstaurantstore.com/outlet/178UBB72GHCS/67981.html,267,0,0
1713997393128,276,RQ Item 829BMR49R,200,OK,WS Thread Group 1-1,text,true,,277936,156,1,1,https://www.webstaurantstore.com/outlet/829BMR49R/68385.html,228,0,0
1713997405127,1309,RQ Item 177GDN5RBB,200,OK,WS Thread Group 1-1,text,true,,258060,157,1,1,https://www.webstaurantstore.com/outlet/177GDN5RBB/68199.html,1034,0,57
1713997417120,348,RQ Item 178A23RGHC,200,OK,WS Thread Group 1-1,text,true,,448235,157,1,1,https://www.webstaurantstore.com/outlet/178A23RGHC/68381.html,264,0,0
1713997429120,293,RQ Item 178CBE36HC,200,OK,WS Thread Group 1-1,text,true,,295617,157,1,1,https://www.webstaurantstore.com/outlet/178CBE36HC/68331.html,233,0,0
1713997441128,320,RQ Item 236ECEM2,200,OK,WS Thread Group 1-1,text,true,,309615,155,1,1,https://www.webstaurantstore.com/outlet/236ECEM2/68393.html,245,0,0
1713997453128,451,RQ Item 178UBB72GHCS,200,OK,WS Thread Group 1-1,text,true,,408632,159,1,1,https://www.webstaurantstore.com/outlet/178UBB72GHCS/67981.html,349,0,0
1713997465130,599,RQ Item 178SSUC48FHC,200,OK,WS Thread Group 1-1,text,true,,311922,159,1,1,https://www.webstaurantstore.com/outlet/178SSUC48FHC/68329.html,419,0,69
1713997477121,373,RQ Item 178UBB72GHCS,200,OK,WS Thread Group 1-1,text,true,,408633,159,1,1,https://www.webstaurantstore.com/outlet/178UBB72GHCS/67981.html,284,0,0
1713997489131,636,RQ Item178A23FHC,200,OK,WS Thread Group 1-1,text,true,,370143,156,1,1,https://www.webstaurantstore.com/outlet/178A23FHC/68339.html,287,0,0
1713997501123,309,RQ Item 829BMR49R,200,OK,WS Thread Group 1-1,text,true,,277936,156,1,1,https://www.webstaurantstore.com/outlet/829BMR49R/68385.html,258,0,0
1713997513127,383,RQ Item 178A23RGHC,200,OK,WS Thread Group 1-1,text,true,,448243,157,1,1,https://www.webstaurantstore.com/outlet/178A23RGHC/68381.html,261,0,0
1713997525125,348,RQ Item 348SM60,200,OK,WS Thread Group 1-1,text,true,,308604,154,1,1,https://www.webstaurantstore.com/outlet/348SM60/68315.html,242,0,0
1713997537119,688,RQ Item 178APT60HC,200,OK,WS Thread Group 1-1,text,true,,429499,157,1,1,https://www.webstaurantstore.com/outlet/178APT60HC/68355.html,502,0,165
1713997549119,278,RQ Item 177GDN5RBB,200,OK,WS Thread Group 1-1,text,true,,258060,157,1,1,https://www.webstaurantstore.com/outlet/177GDN5RBB/68199.html,219,0,0
1713997561127,384,RQ Item178A23FHC,200,OK,WS Thread Group 1-1,text,true,,370135,156,1,1,https://www.webstaurantstore.com/outlet/178A23FHC/68339.html,270,0,0
1713997573117,394,RQ Item 178UBB72GHCS,200,OK,WS Thread Group 1-1,text,true,,408634,159,1,1,https://www.webstaurantstore.com/outlet/178UBB72GHCS/67981.html,297,0,0
