{
  "RQ Item 829BMR49R" : {
    "transaction" : "RQ Item 829BMR49R",
    "sampleCount" : 6,
    "errorCount" : 0,
    "errorPct" : 0.0,
    "meanResTime" : 330.5,
    "medianResTime" : 324.0,
    "minResTime" : 276.0,
    "maxResTime" : 404.0,
    "pct1ResTime" : 404.0,
    "pct2ResTime" : 404.0,
    "pct3ResTime" : 404.0,
    "throughput" : 0.007689192583517447,
    "receivedKBytesPerSec" : 2.0870100622696444,
    "sentKBytesPerSec" : 0.001171400432645236
  },
  "RQ Item 178SSUC48FHC" : {
    "transaction" : "RQ Item 178SSUC48FHC",
    "sampleCount" : 6,
    "errorCount" : 0,
    "errorPct" : 0.0,
    "meanResTime" : 404.8333333333333,
    "medianResTime" : 353.5,
    "minResTime" : 309.0,
    "maxResTime" : 599.0,
    "pct1ResTime" : 599.0,
    "pct2ResTime" : 599.0,
    "pct3ResTime" : 599.0,
    "throughput" : 0.008326256015719971,
    "receivedKBytesPerSec" : 2.536304427694793,
    "sentKBytesPerSec" : 0.0012928463930658941
  },
  "RQ Item 236ECEM2" : {
    "transaction" : "RQ Item 236ECEM2",
    "sampleCount" : 6,
    "errorCount" : 0,
    "errorPct" : 0.0,
    "meanResTime" : 354.6666666666667,
    "medianResTime" : 349.5,
    "minResTime" : 320.0,
    "maxResTime" : 414.0,
    "pct1ResTime" : 414.0,
    "pct2ResTime" : 414.0,
    "pct3ResTime" : 414.0,
    "throughput" : 0.008767686981884498,
    "receivedKBytesPerSec" : 2.651003772297324,
    "sentKBytesPerSec" : 0.0013271401193282197
  },
  "RQ Item 178APT60HC" : {
    "transaction" : "RQ Item 178APT60HC",
    "sampleCount" : 6,
    "errorCount" : 0,
    "errorPct" : 0.0,
    "meanResTime" : 456.1666666666667,
    "medianResTime" : 416.5,
    "minResTime" : 320.0,
    "maxResTime" : 688.0,
    "pct1ResTime" : 688.0,
    "pct2ResTime" : 688.0,
    "pct3ResTime" : 688.0,
    "throughput" : 0.007240404352448403,
    "receivedKBytesPerSec" : 3.03684642717722,
    "sentKBytesPerSec" : 0.0011101010579437492
  },
  "RQ Item 177GDN5RBB" : {
    "transaction" : "RQ Item 177GDN5RBB",
    "sampleCount" : 7,
    "errorCount" : 0,
    "errorPct" : 0.0,
    "meanResTime" : 544.5714285714286,
    "medianResTime" : 381.0,
    "minResTime" : 278.0,
    "maxResTime" : 1309.0,
    "pct1ResTime" : 1309.0,
    "pct2ResTime" : 1309.0,
    "pct3ResTime" : 1309.0,
    "throughput" : 0.008213263246820294,
    "receivedKBytesPerSec" : 2.0698695246133902,
    "sentKBytesPerSec" : 0.0012592600876472522
  },
  "RQ Item 178CBE36HC" : {
    "transaction" : "RQ Item 178CBE36HC",
    "sampleCount" : 6,
    "errorCount" : 0,
    "errorPct" : 0.0,
    "meanResTime" : 339.5,
    "medianResTime" : 312.5,
    "minResTime" : 271.0,
    "maxResTime" : 462.0,
    "pct1ResTime" : 462.0,
    "pct2ResTime" : 462.0,
    "pct3ResTime" : 462.0,
    "throughput" : 0.00861702494341487,
    "receivedKBytesPerSec" : 2.487668061158616,
    "sentKBytesPerSec" : 0.0013211649571446625
  },
  "Total" : {
    "transaction" : "Total",
    "sampleCount" : 75,
    "errorCount" : 0,
    "errorPct" : 0.0,
    "meanResTime" : 417.7466666666668,
    "medianResTime" : 375.0,
    "minResTime" : 269.0,
    "maxResTime" : 1309.0,
    "pct1ResTime" : 569.0000000000002,
    "pct2ResTime" : 726.0000000000006,
    "pct3ResTime" : 1309.0,
    "throughput" : 0.08443236123541431,
    "receivedKBytesPerSec" : 29.33995309430532,
    "sentKBytesPerSec" : 0.012939699111208678
  },
  "RQ Item 348SM60" : {
    "transaction" : "RQ Item 348SM60",
    "sampleCount" : 6,
    "errorCount" : 0,
    "errorPct" : 0.0,
    "meanResTime" : 468.3333333333333,
    "medianResTime" : 338.5,
    "minResTime" : 269.0,
    "maxResTime" : 1193.0,
    "pct1ResTime" : 1193.0,
    "pct2ResTime" : 1193.0,
    "pct3ResTime" : 1193.0,
    "throughput" : 0.007140757420139554,
    "receivedKBytesPerSec" : 2.152029496237416,
    "sentKBytesPerSec" : 0.0010739029713881753
  },
  "RQ Item178A23FHC" : {
    "transaction" : "RQ Item178A23FHC",
    "sampleCount" : 7,
    "errorCount" : 0,
    "errorPct" : 0.0,
    "meanResTime" : 445.85714285714283,
    "medianResTime" : 398.0,
    "minResTime" : 337.0,
    "maxResTime" : 636.0,
    "pct1ResTime" : 636.0,
    "pct2ResTime" : 636.0,
    "pct3ResTime" : 636.0,
    "throughput" : 0.0089698165672512,
    "receivedKBytesPerSec" : 3.2422745953171153,
    "sentKBytesPerSec" : 0.001366495492667175
  },
  "RQ Item 178UBB72GHCS" : {
    "transaction" : "RQ Item 178UBB72GHCS",
    "sampleCount" : 13,
    "errorCount" : 0,
    "errorPct" : 0.0,
    "meanResTime" : 381.38461538461536,
    "medianResTime" : 384.0,
    "minResTime" : 328.0,
    "maxResTime" : 451.0,
    "pct1ResTime" : 439.8,
    "pct2ResTime" : 451.0,
    "pct3ResTime" : 451.0,
    "throughput" : 0.01616121432878126,
    "receivedKBytesPerSec" : 6.449218045860554,
    "sentKBytesPerSec" : 0.0025094073030041213
  },
  "RQ Item 178A23RGHC" : {
    "transaction" : "RQ Item 178A23RGHC",
    "sampleCount" : 12,
    "errorCount" : 0,
    "errorPct" : 0.0,
    "meanResTime" : 443.00000000000006,
    "medianResTime" : 421.5,
    "minResTime" : 348.0,
    "maxResTime" : 606.0,
    "pct1ResTime" : 588.9000000000001,
    "pct2ResTime" : 606.0,
    "pct3ResTime" : 606.0,
    "throughput" : 0.016657574407302683,
    "receivedKBytesPerSec" : 7.291579366227878,
    "sentKBytesPerSec" : 0.0025539445136196492
  }
}